{
  "frame_id": 930,
  "timestamp": "2025-07-16T16:10:13.039692",
  "detections": {
    "violence": 0.98,
    "gore": 0.001,
    "weapon": 0
  },
  "max_confidence": 0.98,
  "processing_time": 1.4397194385528564,
  "frame_shape": [
    592,
    1280,
    3
  ]
}