{
  "frame_id": 900,
  "timestamp": "2025-07-16T16:10:11.540791",
  "detections": {
    "violence": 0.99,
    "gore": 0.001,
    "weapon": 0
  },
  "max_confidence": 0.99,
  "processing_time": 1.9628844261169434,
  "frame_shape": [
    592,
    1280,
    3
  ]
}