{
  "frame_id": 690,
  "timestamp": "2025-07-16T16:09:59.514080",
  "detections": {
    "violence": 0.99,
    "gore": 0.001,
    "weapon": 0
  },
  "max_confidence": 0.99,
  "processing_time": 1.3307631015777588,
  "frame_shape": [
    592,
    1280,
    3
  ]
}