{
  "frame_id": 840,
  "timestamp": "2025-07-16T16:10:07.115390",
  "detections": {
    "violence": 0.92,
    "gore": 0.001,
    "weapon": 0
  },
  "max_confidence": 0.92,
  "processing_time": 1.2952642440795898,
  "frame_shape": [
    592,
    1280,
    3
  ]
}