{
  "frame_id": 750,
  "timestamp": "2025-07-16T16:10:02.283698",
  "detections": {
    "violence": 0.99,
    "gore": 0.001,
    "weapon": 0
  },
  "max_confidence": 0.99,
  "processing_time": 1.355018138885498,
  "frame_shape": [
    592,
    1280,
    3
  ]
}