{
  "frame_id": 60,
  "timestamp": "2025-07-14T15:59:18.525795",
  "detections": {
    "violence": 0.8,
    "gore": 0.001,
    "weapon": 0
  },
  "max_confidence": 0.8,
  "processing_time": 1.1781938076019287,
  "frame_shape": [
    592,
    1280,
    3
  ]
}