{
  "frame_id": 1320,
  "timestamp": "2025-07-16T16:10:46.093778",
  "detections": {
    "violence": 0.99,
    "gore": 0.001,
    "weapon": 0
  },
  "max_confidence": 0.99,
  "processing_time": 1.8534290790557861,
  "frame_shape": [
    592,
    1280,
    3
  ]
}